{"assets/fonts/Inter-Italic.ttf":["assets/fonts/Inter-Italic.ttf"],"assets/fonts/Inter-Light.ttf":["assets/fonts/Inter-Light.ttf"],"assets/fonts/Inter-Medium.ttf":["assets/fonts/Inter-Medium.ttf"],"assets/fonts/Inter-Regular.ttf":["assets/fonts/Inter-Regular.ttf"],"assets/fonts/Poppins-Italic.ttf":["assets/fonts/Poppins-Italic.ttf"],"assets/fonts/Poppins-Light.ttf":["assets/fonts/Poppins-Light.ttf"],"assets/fonts/Poppins-Medium.ttf":["assets/fonts/Poppins-Medium.ttf"],"assets/fonts/Poppins-Regular.ttf":["assets/fonts/Poppins-Regular.ttf"],"assets/fonts/Poppins-Thin.ttf":["assets/fonts/Poppins-Thin.ttf"],"assets/fonts/Rubik-Light.ttf":["assets/fonts/Rubik-Light.ttf"],"assets/fonts/Rubik-Medium.ttf":["assets/fonts/Rubik-Medium.ttf"],"assets/fonts/Rubik-Regular.ttf":["assets/fonts/Rubik-Regular.ttf"],"assets/graphics/undraw_accept_terms.svg":["assets/graphics/undraw_accept_terms.svg"],"assets/graphics/undraw_avatar_female.svg":["assets/graphics/undraw_avatar_female.svg"],"assets/graphics/undraw_avatar_male.svg":["assets/graphics/undraw_avatar_male.svg"],"assets/graphics/undraw_connection.svg":["assets/graphics/undraw_connection.svg"],"assets/graphics/undraw_escaping.svg":["assets/graphics/undraw_escaping.svg"],"assets/graphics/undraw_group_chat.svg":["assets/graphics/undraw_group_chat.svg"],"assets/graphics/undraw_in_thought.svg":["assets/graphics/undraw_in_thought.svg"],"assets/graphics/undraw_mail_sent.svg":["assets/graphics/undraw_mail_sent.svg"],"assets/graphics/undraw_mention.svg":["assets/graphics/undraw_mention.svg"],"assets/graphics/undraw_message_sent.svg":["assets/graphics/undraw_message_sent.svg"],"assets/graphics/undraw_messaging_fun.svg":["assets/graphics/undraw_messaging_fun.svg"],"assets/graphics/undraw_mobile_user.svg":["assets/graphics/undraw_mobile_user.svg"],"assets/graphics/undraw_new_message.svg":["assets/graphics/undraw_new_message.svg"],"assets/graphics/undraw_not_found.svg":["assets/graphics/undraw_not_found.svg"],"assets/graphics/undraw_people.svg":["assets/graphics/undraw_people.svg"],"assets/graphics/undraw_profile_data.svg":["assets/graphics/undraw_profile_data.svg"],"assets/graphics/undraw_site_content.svg":["assets/graphics/undraw_site_content.svg"],"assets/graphics/undraw_sync_files.svg":["assets/graphics/undraw_sync_files.svg"],"assets/icons/current/app_icon_cyan.png":["assets/icons/current/app_icon_cyan.png"],"assets/icons/current/app_icon_cyan.svg":["assets/icons/current/app_icon_cyan.svg"],"assets/icons/current/app_icon_white.png":["assets/icons/current/app_icon_white.png"],"assets/icons/global/being-check.svg":["assets/icons/global/being-check.svg"],"assets/icons/global/being-chevrons-right.svg":["assets/icons/global/being-chevrons-right.svg"],"assets/icons/global/being-group-add.svg":["assets/icons/global/being-group-add.svg"],"assets/icons/global/being-message-katya.svg":["assets/icons/global/being-message-katya.svg"],"assets/icons/global/being-person-add.svg":["assets/icons/global/being-person-add.svg"],"assets/icons/global/being-public-add.svg":["assets/icons/global/being-public-add.svg"],"assets/icons/global/being-search-public-condensed.svg":["assets/icons/global/being-search-public-condensed.svg"],"assets/icons/global/being-search-public.svg":["assets/icons/global/being-search-public.svg"],"assets/icons/global/being-send-lock-solid.svg":["assets/icons/global/being-send-lock-solid.svg"],"assets/icons/global/being-send-lock.svg":["assets/icons/global/being-send-lock.svg"],"assets/icons/global/being-send-solid.svg":["assets/icons/global/being-send-solid.svg"],"assets/icons/global/being-send-unlock.svg":["assets/icons/global/being-send-unlock.svg"],"assets/icons/global/being-send.svg":["assets/icons/global/being-send.svg"],"assets/icons/global/feather-message-circle.svg":["assets/icons/global/feather-message-circle.svg"],"assets/payloads/recaptcha.html":["assets/payloads/recaptcha.html"],"assets/payloads/servers.json":["assets/payloads/servers.json"],"assets/translations/ar.json":["assets/translations/ar.json"],"assets/translations/ca.json":["assets/translations/ca.json"],"assets/translations/cs.json":["assets/translations/cs.json"],"assets/translations/de.json":["assets/translations/de.json"],"assets/translations/en-Shaw.json":["assets/translations/en-Shaw.json"],"assets/translations/en-gb.json":["assets/translations/en-gb.json"],"assets/translations/en.json":["assets/translations/en.json"],"assets/translations/es.json":["assets/translations/es.json"],"assets/translations/et.json":["assets/translations/et.json"],"assets/translations/eu.json":["assets/translations/eu.json"],"assets/translations/fa.json":["assets/translations/fa.json"],"assets/translations/fi.json":["assets/translations/fi.json"],"assets/translations/fr.json":["assets/translations/fr.json"],"assets/translations/hi.json":["assets/translations/hi.json"],"assets/translations/hu.json":["assets/translations/hu.json"],"assets/translations/id.json":["assets/translations/id.json"],"assets/translations/ie.json":["assets/translations/ie.json"],"assets/translations/it.json":["assets/translations/it.json"],"assets/translations/ja.json":["assets/translations/ja.json"],"assets/translations/ko.json":["assets/translations/ko.json"],"assets/translations/nl.json":["assets/translations/nl.json"],"assets/translations/pl.json":["assets/translations/pl.json"],"assets/translations/pt.json":["assets/translations/pt.json"],"assets/translations/pt_BR.json":["assets/translations/pt_BR.json"],"assets/translations/ru.json":["assets/translations/ru.json"],"assets/translations/si.json":["assets/translations/si.json"],"assets/translations/sk.json":["assets/translations/sk.json"],"assets/translations/tr.json":["assets/translations/tr.json"],"assets/translations/uk.json":["assets/translations/uk.json"],"assets/translations/zh-Hans.json":["assets/translations/zh-Hans.json"],"packages/cupertino_icons/assets/CupertinoIcons.ttf":["packages/cupertino_icons/assets/CupertinoIcons.ttf"],"packages/font_awesome_flutter/lib/fonts/fa-brands-400.ttf":["packages/font_awesome_flutter/lib/fonts/fa-brands-400.ttf"],"packages/font_awesome_flutter/lib/fonts/fa-regular-400.ttf":["packages/font_awesome_flutter/lib/fonts/fa-regular-400.ttf"],"packages/font_awesome_flutter/lib/fonts/fa-solid-900.ttf":["packages/font_awesome_flutter/lib/fonts/fa-solid-900.ttf"],"packages/sqlcipher_library_windows/assets/libcrypto-1_1-x64.dll":["packages/sqlcipher_library_windows/assets/libcrypto-1_1-x64.dll"],"packages/sqlcipher_library_windows/assets/libssl-1_1-x64.dll":["packages/sqlcipher_library_windows/assets/libssl-1_1-x64.dll"],"packages/sqlcipher_library_windows/assets/sqlcipher.dll":["packages/sqlcipher_library_windows/assets/sqlcipher.dll"]}