[{"family":"MaterialIcons","fonts":[{"asset":"fonts/MaterialIcons-Regular.otf"}]},{"family":"Poppins","fonts":[{"asset":"assets/fonts/Poppins-Italic.ttf"},{"asset":"assets/fonts/Poppins-Regular.ttf"},{"asset":"assets/fonts/Poppins-Medium.ttf"},{"asset":"assets/fonts/Poppins-Light.ttf"},{"asset":"assets/fonts/Poppins-Thin.ttf"}]},{"family":"Rubik","fonts":[{"asset":"assets/fonts/Rubik-Regular.ttf"},{"asset":"assets/fonts/Rubik-Medium.ttf"},{"asset":"assets/fonts/Rubik-Light.ttf"}]},{"family":"Inter","fonts":[{"asset":"assets/fonts/Inter-Italic.ttf"},{"asset":"assets/fonts/Inter-Regular.ttf"},{"asset":"assets/fonts/Inter-Medium.ttf"},{"asset":"assets/fonts/Inter-Light.ttf"}]},{"family":"packages/cupertino_icons/CupertinoIcons","fonts":[{"asset":"packages/cupertino_icons/assets/CupertinoIcons.ttf"}]},{"family":"packages/font_awesome_flutter/FontAwesomeBrands","fonts":[{"weight":400,"asset":"packages/font_awesome_flutter/lib/fonts/fa-brands-400.ttf"}]},{"family":"packages/font_awesome_flutter/FontAwesomeRegular","fonts":[{"weight":400,"asset":"packages/font_awesome_flutter/lib/fonts/fa-regular-400.ttf"}]},{"family":"packages/font_awesome_flutter/FontAwesomeSolid","fonts":[{"weight":900,"asset":"packages/font_awesome_flutter/lib/fonts/fa-solid-900.ttf"}]}]